<?xml version="1.0" encoding="utf-8"?>

<instance xmlns="http://www.exelearning.org/content/v0.3" reference="6" version="0.3" xmlns:xsi="http://www.w3.org/2001/XMLSchema-instance" xsi:schemalocation="http://www.exelearning.org/content/v0.3 content.xsd" class="exe.engine.package.Package">
 <dictionary>
  <string role="key" value="_title"></string>
  <unicode value=""></unicode>
  <string role="key" value="idevices"></string>
  <list></list>
  <string role="key" value="_author"></string>
  <unicode value=""></unicode>
  <string role="key" value="_backgroundImg"></string>
  <unicode value=""></unicode>
  <string role="key" value="_contextMode"></string>
  <unicode value=""></unicode>
  <string role="key" value="_contextPlace"></string>
  <unicode value=""></unicode>
  <string role="key" value="_description"></string>
  <unicode value=""></unicode>
  <string role="key" value="_docType"></string>
  <unicode value="XHTML"></unicode>
  <string role="key" value="_intendedEndUserRoleGroup"></string>
  <bool value="0"></bool>
  <string role="key" value="_intendedEndUserRoleTutor"></string>
  <bool value="0"></bool>
  <string role="key" value="_intendedEndUserRoleType"></string>
  <unicode value=""></unicode>
  <string role="key" value="_isChanged"></string>
  <bool value="0"></bool>
  <string role="key" value="_lang"></string>
  <unicode value="es"></unicode>
  <string role="key" value="_learningResourceType"></string>
  <unicode value=""></unicode>
  <string role="key" value="_levelNames"></string>
  <list>
   <unicode value="Tema"></unicode>
   <unicode value="Sección"></unicode>
   <unicode value="Unidad"></unicode>
  </list>
  <string role="key" value="_name"></string>
  <unicode value="Actividad5"></unicode>
  <string role="key" value="_nextIdeviceId"></string>
  <int value="25"></int>
  <string role="key" value="_nextNodeId"></string>
  <int value="10"></int>
  <string role="key" value="_nodeIdDict"></string>
  <dictionary>
   <unicode role="key" value="0"></unicode>
   <instance class="exe.engine.node.Node" reference="3">
    <dictionary>
     <string role="key" value="_title"></string>
     <unicode value="Tarea online "></unicode>
     <string role="key" value="idevices"></string>
     <list>
      <instance class="exe.engine.destacadofpdidevice.DestacadofpdIdevice" reference="1">
       <dictionary>
        <string role="key" value="_title"></string>
        <unicode value="FPD - Highlighted"></unicode>
        <string role="key" value="_activityInstruc"></string>
        <unicode value="Enter the text that will appear on this iDevice"></unicode>
        <string role="key" value="_author"></string>
        <unicode value="Jose Ramon Jimenez Reyes"></unicode>
        <string role="key" value="_purpose"></string>
        <unicode value="Highlighted is an iDevice that emphasizes text to catch the student's attention."></unicode>
        <string role="key" value="_tip"></string>
        <unicode value=""></unicode>
        <string role="key" value="activityTextArea"></string>
        <instance class="exe.engine.field.TextAreaField" reference="2">
         <dictionary>
          <string role="key" value="_id"></string>
          <int value="66"></int>
          <string role="key" value="_idevice"></string>
          <reference key="1"></reference>
          <string role="key" value="_instruc"></string>
          <unicode value="Enter the text that will appear on this iDevice"></unicode>
          <string role="key" value="_name"></string>
          <unicode value="Highlighted Text:"></unicode>
          <string role="key" value="anchor_names"></string>
          <list></list>
          <string role="key" value="anchors_linked_from_fields"></string>
          <dictionary></dictionary>
          <string role="key" value="buttonCaption"></string>
          <string value=""></string>
          <string role="key" value="content_w_resourcePaths"></string>
          <unicode content="true" value="&lt;div class=&quot;block&quot; style=&quot;display: block; position: relative;&quot;&gt;
&lt;p&gt;&lt;strong&gt;Título de la tarea: &lt;/strong&gt;...&lt;/p&gt;
&lt;p&gt;&lt;strong&gt;Unidad: &lt;/strong&gt;...&lt;/p&gt;
&lt;p&gt;&lt;strong&gt;Ciclo formativo y módulo: &lt;/strong&gt;...&lt;/p&gt;
&lt;p&gt;&lt;strong&gt;Curso académico: &lt;/strong&gt;...&lt;/p&gt;
&lt;/div&gt;"></unicode>
          <string role="key" value="exe.engine.field.Field.persistenceVersion"></string>
          <int value="4"></int>
          <string role="key" value="exe.engine.field.FieldWithResources.persistenceVersion"></string>
          <int value="2"></int>
          <string role="key" value="exe.engine.field.TextAreaField.persistenceVersion"></string>
          <int value="2"></int>
          <string role="key" value="htmlTag"></string>
          <string value="div"></string>
          <string role="key" value="images"></string>
          <instance class="exe.engine.galleryidevice.GalleryImages">
           <dictionary>
            <string role="key" value=".listitems"></string>
            <list></list>
            <string role="key" value="idevice"></string>
            <reference key="2"></reference>
           </dictionary>
          </instance>
          <string role="key" value="intlinks_to_anchors"></string>
          <dictionary></dictionary>
          <string role="key" value="nextImageId"></string>
          <int value="0"></int>
          <string role="key" value="parentNode"></string>
          <reference key="3"></reference>
         </dictionary>
        </instance>
        <string role="key" value="edit"></string>
        <bool value="0"></bool>
        <string role="key" value="emphasis"></string>
        <int value="0"></int>
        <string role="key" value="exe.engine.destacadofpdidevice.DestacadofpdIdevice.persistenceVersion"></string>
        <int value="9"></int>
        <string role="key" value="icon"></string>
        <unicode value="destacadofpd"></unicode>
        <string role="key" value="id"></string>
        <unicode value="12"></unicode>
        <string role="key" value="lastIdevice"></string>
        <bool value="0"></bool>
        <string role="key" value="parentNode"></string>
        <reference key="3"></reference>
        <string role="key" value="systemResources"></string>
        <list>
         <string value="common.js"></string>
        </list>
        <string role="key" value="undo"></string>
        <bool value="1"></bool>
        <string role="key" value="userResources"></string>
        <list></list>
        <string role="key" value="version"></string>
        <int value="0"></int>
       </dictionary>
      </instance>
      <instance class="exe.engine.freetextfpdidevice.FreeTextfpdIdevice" reference="4">
       <dictionary>
        <string role="key" value="_title"></string>
        <unicode value="FPD - Free Text"></unicode>
        <string role="key" value="_author"></string>
        <unicode value="University of Auckland"></unicode>
        <string role="key" value="_purpose"></string>
        <unicode value="The majority of a learning resource will be 
establishing context, delivering instructions and providing general information.
This provides the framework within which the learning activities are built and 
delivered."></unicode>
        <string role="key" value="_tip"></string>
        <string value=""></string>
        <string role="key" value="content"></string>
        <instance class="exe.engine.field.TextAreaField" reference="5">
         <dictionary>
          <string role="key" value="_id"></string>
          <int value="154"></int>
          <string role="key" value="_idevice"></string>
          <reference key="4"></reference>
          <string role="key" value="_instruc"></string>
          <unicode value="Use this field to enter text. This 
iDevice has no emphasis applied although limited formatting can be applied to 
text through the text editing buttons associated with the field."></unicode>
          <string role="key" value="_name"></string>
          <unicode value="Free Text"></unicode>
          <string role="key" value="anchor_names"></string>
          <list></list>
          <string role="key" value="anchors_linked_from_fields"></string>
          <dictionary></dictionary>
          <string role="key" value="buttonCaption"></string>
          <string value=""></string>
          <string role="key" value="content_w_resourcePaths"></string>
          <unicode content="true" value="&lt;h4 class=&quot;resaltado_inline&quot; style=&quot;text-align: center;&quot;&gt;¿Qué contenidos o resultados de aprendizaje trabajaremos?&lt;/h4&gt;
&lt;p&gt;...&lt;/p&gt;"></unicode>
          <string role="key" value="exe.engine.field.Field.persistenceVersion"></string>
          <int value="4"></int>
          <string role="key" value="exe.engine.field.FieldWithResources.persistenceVersion"></string>
          <int value="2"></int>
          <string role="key" value="exe.engine.field.TextAreaField.persistenceVersion"></string>
          <int value="2"></int>
          <string role="key" value="htmlTag"></string>
          <string value="div"></string>
          <string role="key" value="images"></string>
          <instance class="exe.engine.galleryidevice.GalleryImages">
           <dictionary>
            <string role="key" value=".listitems"></string>
            <list></list>
            <string role="key" value="idevice"></string>
            <reference key="5"></reference>
           </dictionary>
          </instance>
          <string role="key" value="intlinks_to_anchors"></string>
          <dictionary></dictionary>
          <string role="key" value="nextImageId"></string>
          <int value="0"></int>
          <string role="key" value="parentNode"></string>
          <reference key="3"></reference>
         </dictionary>
        </instance>
        <string role="key" value="edit"></string>
        <bool value="0"></bool>
        <string role="key" value="emphasis"></string>
        <int value="0"></int>
        <string role="key" value="exe.engine.freetextfpdidevice.FreeTextfpdIdevice.persistenceVersion"></string>
        <int value="8"></int>
        <string role="key" value="icon"></string>
        <string value=""></string>
        <string role="key" value="id"></string>
        <unicode value="13"></unicode>
        <string role="key" value="lastIdevice"></string>
        <bool value="0"></bool>
        <string role="key" value="originalicon"></string>
        <string value=""></string>
        <string role="key" value="parentNode"></string>
        <reference key="3"></reference>
        <string role="key" value="systemResources"></string>
        <list></list>
        <string role="key" value="undo"></string>
        <bool value="1"></bool>
        <string role="key" value="userResources"></string>
        <list></list>
        <string role="key" value="version"></string>
        <int value="0"></int>
       </dictionary>
      </instance>
     </list>
     <string role="key" value="_id"></string>
     <unicode value="0"></unicode>
     <string role="key" value="_package"></string>
     <reference key="6"></reference>
     <string role="key" value="anchor_fields"></string>
     <list></list>
     <string role="key" value="exe.engine.node.Node.persistenceVersion"></string>
     <int value="2"></int>
     <string role="key" value="exportType"></string>
     <string value="scorm"></string>
     <string role="key" value="last_full_node_path"></string>
     <string value="exe-node:Tarea%20online%20"></string>
     <string role="key" value="parent"></string>
     <none></none>
     <string role="key" value="top_anchors_linked_from_fields"></string>
     <list></list>
     <string role="key" value="children"></string>
     <list>
      <instance class="exe.engine.node.Node" reference="9">
       <dictionary>
        <string role="key" value="_title"></string>
        <unicode value="1.- Descripción de la tarea"></unicode>
        <string role="key" value="idevices"></string>
        <list>
         <instance class="exe.engine.casopracticofpdidevice.CasopracticofpdIdevice" reference="7">
          <dictionary>
           <string role="key" value="_title"></string>
           <unicode value="Caso práctico"></unicode>
           <string role="key" value="_activityInstruc"></string>
           <unicode value="Enter the text that will appear on this iDevice"></unicode>
           <string role="key" value="_author"></string>
           <unicode value="Jose Ramon Jimenez Reyes"></unicode>
           <string role="key" value="_purpose"></string>
           <unicode value="Situation is an iDevice that provides the student with a story that will guide her along the learning process."></unicode>
           <string role="key" value="_tip"></string>
           <unicode value=""></unicode>
           <string role="key" value="activityTextArea"></string>
           <instance class="exe.engine.field.TextAreaField" reference="8">
            <dictionary>
             <string role="key" value="_id"></string>
             <int value="62"></int>
             <string role="key" value="_idevice"></string>
             <reference key="7"></reference>
             <string role="key" value="_instruc"></string>
             <unicode value="Enter the text that will appear on this iDevice"></unicode>
             <string role="key" value="_name"></string>
             <unicode value="Situation Text:"></unicode>
             <string role="key" value="anchor_names"></string>
             <list></list>
             <string role="key" value="anchors_linked_from_fields"></string>
             <dictionary></dictionary>
             <string role="key" value="buttonCaption"></string>
             <string value=""></string>
             <string role="key" value="content_w_resourcePaths"></string>
             <unicode content="true" value="&lt;p&gt;&lt;span&gt;En esta tarea trabajarás conceptos relacionados con la fase de análisis, que es fundamental para el desarrollo de un proyecto software.&lt;/span&gt;&lt;/p&gt;
&lt;p&gt;Has de tener en cuenta que problemas, carencias o errores en esta fase pueden condicionar el resto del desarrollo. &lt;/p&gt;"></unicode>
             <string role="key" value="exe.engine.field.Field.persistenceVersion"></string>
             <int value="4"></int>
             <string role="key" value="exe.engine.field.FieldWithResources.persistenceVersion"></string>
             <int value="2"></int>
             <string role="key" value="exe.engine.field.TextAreaField.persistenceVersion"></string>
             <int value="2"></int>
             <string role="key" value="htmlTag"></string>
             <string value="div"></string>
             <string role="key" value="images"></string>
             <instance class="exe.engine.galleryidevice.GalleryImages">
              <dictionary>
               <string role="key" value=".listitems"></string>
               <list></list>
               <string role="key" value="idevice"></string>
               <reference key="8"></reference>
              </dictionary>
             </instance>
             <string role="key" value="intlinks_to_anchors"></string>
             <dictionary></dictionary>
             <string role="key" value="nextImageId"></string>
             <int value="2"></int>
             <string role="key" value="parentNode"></string>
             <reference key="9"></reference>
            </dictionary>
           </instance>
           <string role="key" value="edit"></string>
           <bool value="0"></bool>
           <string role="key" value="emphasis"></string>
           <string value="_casopracticofpd"></string>
           <string role="key" value="exe.engine.casopracticofpdidevice.CasopracticofpdIdevice.persistenceVersion"></string>
           <int value="9"></int>
           <string role="key" value="icon"></string>
           <unicode value="casopracticofpd"></unicode>
           <string role="key" value="id"></string>
           <unicode value="6"></unicode>
           <string role="key" value="lastIdevice"></string>
           <bool value="0"></bool>
           <string role="key" value="parentNode"></string>
           <reference key="9"></reference>
           <string role="key" value="systemResources"></string>
           <list></list>
           <string role="key" value="undo"></string>
           <bool value="1"></bool>
           <string role="key" value="userResources"></string>
           <list></list>
           <string role="key" value="version"></string>
           <int value="0"></int>
          </dictionary>
         </instance>
         <instance class="exe.engine.freetextfpdidevice.FreeTextfpdIdevice" reference="10">
          <dictionary>
           <string role="key" value="_title"></string>
           <unicode value="FPD - Free Text"></unicode>
           <string role="key" value="_author"></string>
           <unicode value="University of Auckland"></unicode>
           <string role="key" value="_purpose"></string>
           <unicode value="The majority of a learning resource will be 
establishing context, delivering instructions and providing general information.
This provides the framework within which the learning activities are built and 
delivered."></unicode>
           <string role="key" value="_tip"></string>
           <string value=""></string>
           <string role="key" value="content"></string>
           <instance class="exe.engine.field.TextAreaField" reference="11">
            <dictionary>
             <string role="key" value="_id"></string>
             <int value="69"></int>
             <string role="key" value="_idevice"></string>
             <reference key="10"></reference>
             <string role="key" value="_instruc"></string>
             <unicode value="Use this field to enter text. This 
iDevice has no emphasis applied although limited formatting can be applied to 
text through the text editing buttons associated with the field."></unicode>
             <string role="key" value="_name"></string>
             <unicode value="Free Text"></unicode>
             <string role="key" value="anchor_names"></string>
             <list></list>
             <string role="key" value="anchors_linked_from_fields"></string>
             <dictionary></dictionary>
             <string role="key" value="buttonCaption"></string>
             <string value=""></string>
             <string role="key" value="content_w_resourcePaths"></string>
             <unicode content="true" value="&lt;h4 class=&quot;resaltado_inline&quot; style=&quot;text-align: center;&quot;&gt;¿Qué te pedimos que hagas?&lt;/h4&gt;
&lt;p&gt;Representa mediante un diagrama de clases la siguiente especificación relacionada con un sistema para gestionar un complejo hotelero&lt;/p&gt;
&lt;ul&gt;
&lt;li&gt;El complejo hotelero se divide en diferentes zonas y en cada zona se incluye un hotel.&lt;/li&gt;
&lt;li&gt;Cada hotel tiene un conjunto de habitaciones que pueden tener precios diferentes según su capacidad y categoría.&lt;/li&gt;
&lt;li&gt;Cada zona se caracteriza por tener un nombre, una descripción, un color asociado y un conjunto de restaurantes, tiendas, espectáculos y actividades de ocio&lt;/li&gt;
&lt;li&gt;De cada restaurante se indica su nombre, el horario y el precio medio por persona.&lt;/li&gt;
&lt;li&gt;De cada tienda se conoce su nombre y el horario en el que está abierto.&lt;/li&gt;
&lt;li&gt;Los espectáculos pueden ser de diferentes tipos y tienen un nombre y una duración y hora de inicio.&lt;/li&gt;
&lt;li&gt;Las actividades de ocio pueden ser de diferentes tipos (Spa, Golf, Tenis, equitación, ciclismo etc.) y tienen una duración determinada&lt;/li&gt;
&lt;li&gt;Una reserva en un hotel viene determinada por los datos del cliente (nombre, apellidos, NIF, teléfono, email), los datos de la habitación, la fecha de entrada y la fecha de salida.&lt;/li&gt;
&lt;li&gt;El sistema permite a los clientes realizar reservas para los distintos tipos de actividades de ocio.&lt;/li&gt;
&lt;/ul&gt;
&lt;p&gt; &lt;/p&gt;"></unicode>
             <string role="key" value="exe.engine.field.Field.persistenceVersion"></string>
             <int value="4"></int>
             <string role="key" value="exe.engine.field.FieldWithResources.persistenceVersion"></string>
             <int value="2"></int>
             <string role="key" value="exe.engine.field.TextAreaField.persistenceVersion"></string>
             <int value="2"></int>
             <string role="key" value="htmlTag"></string>
             <string value="div"></string>
             <string role="key" value="images"></string>
             <instance class="exe.engine.galleryidevice.GalleryImages">
              <dictionary>
               <string role="key" value=".listitems"></string>
               <list></list>
               <string role="key" value="idevice"></string>
               <reference key="11"></reference>
              </dictionary>
             </instance>
             <string role="key" value="intlinks_to_anchors"></string>
             <dictionary></dictionary>
             <string role="key" value="nextImageId"></string>
             <int value="0"></int>
             <string role="key" value="parentNode"></string>
             <reference key="9"></reference>
            </dictionary>
           </instance>
           <string role="key" value="edit"></string>
           <bool value="0"></bool>
           <string role="key" value="emphasis"></string>
           <int value="0"></int>
           <string role="key" value="exe.engine.freetextfpdidevice.FreeTextfpdIdevice.persistenceVersion"></string>
           <int value="8"></int>
           <string role="key" value="icon"></string>
           <string value=""></string>
           <string role="key" value="id"></string>
           <unicode value="2"></unicode>
           <string role="key" value="lastIdevice"></string>
           <bool value="0"></bool>
           <string role="key" value="parentNode"></string>
           <reference key="9"></reference>
           <string role="key" value="systemResources"></string>
           <list></list>
           <string role="key" value="undo"></string>
           <bool value="1"></bool>
           <string role="key" value="userResources"></string>
           <list></list>
           <string role="key" value="version"></string>
           <int value="0"></int>
          </dictionary>
         </instance>
        </list>
        <string role="key" value="_id"></string>
        <unicode value="1"></unicode>
        <string role="key" value="_package"></string>
        <reference key="6"></reference>
        <string role="key" value="anchor_fields"></string>
        <list></list>
        <string role="key" value="exe.engine.node.Node.persistenceVersion"></string>
        <int value="2"></int>
        <string role="key" value="exportType"></string>
        <string value="scorm"></string>
        <string role="key" value="last_full_node_path"></string>
        <string value="exe-node:Tarea%20online%20:1.-%20Descripci%C3%B3n%20de%20la%20tarea"></string>
        <string role="key" value="parent"></string>
        <reference key="3"></reference>
        <string role="key" value="top_anchors_linked_from_fields"></string>
        <list></list>
        <string role="key" value="children"></string>
        <list></list>
       </dictionary>
      </instance>
      <instance class="exe.engine.node.Node" reference="14">
       <dictionary>
        <string role="key" value="_title"></string>
        <unicode value="2.- Información de interés"></unicode>
        <string role="key" value="idevices"></string>
        <list>
         <instance class="exe.engine.freetextfpdidevice.FreeTextfpdIdevice" reference="12">
          <dictionary>
           <string role="key" value="_title"></string>
           <unicode value="FPD - Free Text"></unicode>
           <string role="key" value="_author"></string>
           <unicode value="University of Auckland"></unicode>
           <string role="key" value="_purpose"></string>
           <unicode value="The majority of a learning resource will be 
establishing context, delivering instructions and providing general information.
This provides the framework within which the learning activities are built and 
delivered."></unicode>
           <string role="key" value="_tip"></string>
           <string value=""></string>
           <string role="key" value="content"></string>
           <instance class="exe.engine.field.TextAreaField" reference="13">
            <dictionary>
             <string role="key" value="_id"></string>
             <int value="69"></int>
             <string role="key" value="_idevice"></string>
             <reference key="12"></reference>
             <string role="key" value="_instruc"></string>
             <unicode value="Use this field to enter text. This 
iDevice has no emphasis applied although limited formatting can be applied to 
text through the text editing buttons associated with the field."></unicode>
             <string role="key" value="_name"></string>
             <unicode value="Free Text"></unicode>
             <string role="key" value="anchor_names"></string>
             <list></list>
             <string role="key" value="anchors_linked_from_fields"></string>
             <dictionary></dictionary>
             <string role="key" value="buttonCaption"></string>
             <string value=""></string>
             <string role="key" value="content_w_resourcePaths"></string>
             <unicode content="true" value="&lt;h4 class=&quot;resaltado_inline&quot; style=&quot;text-align: center;&quot;&gt;Recursos necesarios y recomendaciones&lt;/h4&gt;
&lt;p&gt;Necesitarás tener instalado el programa Visual Paradigm. &lt;span&gt;Su instalación viene detallada en el &lt;/span&gt;&lt;strong&gt;anexo 1&lt;/strong&gt;&lt;/p&gt;
&lt;p&gt;&lt;/p&gt;
&lt;p&gt;&lt;span&gt;&lt;/span&gt;A la hora de añadir atributos y métodos, céntrate primero en los que aparecen en el enunciado, para, en una revisión posterior añadir los que creas que faltan que podrían ser útiles. Asegúrate de incluir todo el proceso de obtención de clases, atributos, relaciones y métodos en un documento de texto.&lt;br /&gt;&lt;span&gt;&lt;/span&gt;&lt;/p&gt;
&lt;p&gt;&lt;span&gt;Un ejemplo de todo lo que se requiere en esta tarea se puede encontrar en el &lt;/span&gt;&lt;strong&gt;anexo 2&lt;/strong&gt;&lt;span&gt; de la unidad&lt;/span&gt;&lt;/p&gt;"></unicode>
             <string role="key" value="exe.engine.field.Field.persistenceVersion"></string>
             <int value="4"></int>
             <string role="key" value="exe.engine.field.FieldWithResources.persistenceVersion"></string>
             <int value="2"></int>
             <string role="key" value="exe.engine.field.TextAreaField.persistenceVersion"></string>
             <int value="2"></int>
             <string role="key" value="htmlTag"></string>
             <string value="div"></string>
             <string role="key" value="images"></string>
             <instance class="exe.engine.galleryidevice.GalleryImages">
              <dictionary>
               <string role="key" value=".listitems"></string>
               <list></list>
               <string role="key" value="idevice"></string>
               <reference key="13"></reference>
              </dictionary>
             </instance>
             <string role="key" value="intlinks_to_anchors"></string>
             <dictionary></dictionary>
             <string role="key" value="nextImageId"></string>
             <int value="0"></int>
             <string role="key" value="parentNode"></string>
             <reference key="14"></reference>
            </dictionary>
           </instance>
           <string role="key" value="edit"></string>
           <bool value="0"></bool>
           <string role="key" value="emphasis"></string>
           <int value="0"></int>
           <string role="key" value="exe.engine.freetextfpdidevice.FreeTextfpdIdevice.persistenceVersion"></string>
           <int value="8"></int>
           <string role="key" value="icon"></string>
           <string value=""></string>
           <string role="key" value="id"></string>
           <unicode value="4"></unicode>
           <string role="key" value="lastIdevice"></string>
           <bool value="0"></bool>
           <string role="key" value="parentNode"></string>
           <reference key="14"></reference>
           <string role="key" value="systemResources"></string>
           <list></list>
           <string role="key" value="undo"></string>
           <bool value="1"></bool>
           <string role="key" value="userResources"></string>
           <list></list>
           <string role="key" value="version"></string>
           <int value="0"></int>
          </dictionary>
         </instance>
         <instance class="exe.engine.parasabermasfpdidevice.ParasabermasfpdIdevice" reference="15">
          <dictionary>
           <string role="key" value="_title"></string>
           <unicode value="Indicaciones de entrega"></unicode>
           <string role="key" value="_activityInstruc"></string>
           <unicode value="Enter the text that will appear on this iDevice"></unicode>
           <string role="key" value="_author"></string>
           <unicode value="Jose Ramon Jimenez Reyes"></unicode>
           <string role="key" value="_purpose"></string>
           <unicode value="A Step Ahead is an iDevice that permits students widen their knowledge with further contents."></unicode>
           <string role="key" value="_tip"></string>
           <unicode value=""></unicode>
           <string role="key" value="activityTextArea"></string>
           <instance class="exe.engine.field.TextAreaField" reference="16">
            <dictionary>
             <string role="key" value="_id"></string>
             <int value="128"></int>
             <string role="key" value="_idevice"></string>
             <reference key="15"></reference>
             <string role="key" value="_instruc"></string>
             <unicode value="Enter the text that will appear on this iDevice"></unicode>
             <string role="key" value="_name"></string>
             <unicode value="A Step Ahead Text"></unicode>
             <string role="key" value="anchor_names"></string>
             <list></list>
             <string role="key" value="anchors_linked_from_fields"></string>
             <dictionary></dictionary>
             <string role="key" value="buttonCaption"></string>
             <string value=""></string>
             <string role="key" value="content_w_resourcePaths"></string>
             <unicode content="true" value="&lt;p&gt;Una vez realizada la tarea, el envío se realizará a través de la plataforma. El archivo se nombrará siguiendo las siguientes pautas:&lt;/p&gt;
&lt;p class=&quot;enlace_centrado&quot;&gt;&lt;strong&gt;Apellido1_Apellido2_Nombre_SIGLASMODULO_TareaX&lt;/strong&gt;&lt;/p&gt;"></unicode>
             <string role="key" value="exe.engine.field.Field.persistenceVersion"></string>
             <int value="4"></int>
             <string role="key" value="exe.engine.field.FieldWithResources.persistenceVersion"></string>
             <int value="2"></int>
             <string role="key" value="exe.engine.field.TextAreaField.persistenceVersion"></string>
             <int value="2"></int>
             <string role="key" value="htmlTag"></string>
             <string value="div"></string>
             <string role="key" value="images"></string>
             <instance class="exe.engine.galleryidevice.GalleryImages">
              <dictionary>
               <string role="key" value=".listitems"></string>
               <list></list>
               <string role="key" value="idevice"></string>
               <reference key="16"></reference>
              </dictionary>
             </instance>
             <string role="key" value="intlinks_to_anchors"></string>
             <dictionary></dictionary>
             <string role="key" value="nextImageId"></string>
             <int value="0"></int>
             <string role="key" value="parentNode"></string>
             <reference key="14"></reference>
            </dictionary>
           </instance>
           <string role="key" value="edit"></string>
           <bool value="0"></bool>
           <string role="key" value="emphasis"></string>
           <string value="_parasabermasfpd"></string>
           <string role="key" value="exe.engine.parasabermasfpdidevice.ParasabermasfpdIdevice.persistenceVersion"></string>
           <int value="9"></int>
           <string role="key" value="icon"></string>
           <unicode value="parasabermasfpd"></unicode>
           <string role="key" value="id"></string>
           <unicode value="22"></unicode>
           <string role="key" value="lastIdevice"></string>
           <bool value="0"></bool>
           <string role="key" value="originalicon"></string>
           <unicode value="parasabermasfpd"></unicode>
           <string role="key" value="parentNode"></string>
           <reference key="14"></reference>
           <string role="key" value="systemResources"></string>
           <list></list>
           <string role="key" value="undo"></string>
           <bool value="1"></bool>
           <string role="key" value="userResources"></string>
           <list></list>
           <string role="key" value="version"></string>
           <int value="0"></int>
          </dictionary>
         </instance>
        </list>
        <string role="key" value="_id"></string>
        <unicode value="5"></unicode>
        <string role="key" value="_package"></string>
        <reference key="6"></reference>
        <string role="key" value="anchor_fields"></string>
        <list></list>
        <string role="key" value="exe.engine.node.Node.persistenceVersion"></string>
        <int value="2"></int>
        <string role="key" value="exportType"></string>
        <string value="scorm"></string>
        <string role="key" value="last_full_node_path"></string>
        <string value="exe-node:Tarea%20online%20:2.-%20Informaci%C3%B3n%20de%20inter%C3%A9s"></string>
        <string role="key" value="parent"></string>
        <reference key="3"></reference>
        <string role="key" value="top_anchors_linked_from_fields"></string>
        <list></list>
        <string role="key" value="children"></string>
        <list></list>
       </dictionary>
      </instance>
      <instance class="exe.engine.node.Node" reference="19">
       <dictionary>
        <string role="key" value="_title"></string>
        <unicode value="3.- Evaluación de la tarea"></unicode>
        <string role="key" value="idevices"></string>
        <list>
         <instance class="exe.engine.freetextfpdidevice.FreeTextfpdIdevice" reference="17">
          <dictionary>
           <string role="key" value="_title"></string>
           <unicode value="FPD - Free Text"></unicode>
           <string role="key" value="_author"></string>
           <unicode value="University of Auckland"></unicode>
           <string role="key" value="_purpose"></string>
           <unicode value="The majority of a learning resource will be 
establishing context, delivering instructions and providing general information.
This provides the framework within which the learning activities are built and 
delivered."></unicode>
           <string role="key" value="_tip"></string>
           <string value=""></string>
           <string role="key" value="content"></string>
           <instance class="exe.engine.field.TextAreaField" reference="18">
            <dictionary>
             <string role="key" value="_id"></string>
             <int value="69"></int>
             <string role="key" value="_idevice"></string>
             <reference key="17"></reference>
             <string role="key" value="_instruc"></string>
             <unicode value="Use this field to enter text. This 
iDevice has no emphasis applied although limited formatting can be applied to 
text through the text editing buttons associated with the field."></unicode>
             <string role="key" value="_name"></string>
             <unicode value="Free Text"></unicode>
             <string role="key" value="anchor_names"></string>
             <list></list>
             <string role="key" value="anchors_linked_from_fields"></string>
             <dictionary></dictionary>
             <string role="key" value="buttonCaption"></string>
             <string value=""></string>
             <string role="key" value="content_w_resourcePaths"></string>
             <unicode content="true" value="&lt;h4 class=&quot;resaltado_inline&quot; style=&quot;text-align: center;&quot;&gt;Criterios de evaluación implicados&lt;/h4&gt;
&lt;ol&gt;
&lt;li&gt;Se han identificado los conceptos básicos de la programación orientada a objetos.&lt;/li&gt;
&lt;li&gt;Se ha instalado el módulo del entorno integrado de desarrollo que permite la utilización de diagramas de clases.&lt;/li&gt;
&lt;li&gt;Se han identificado las herramientas para la elaboración de diagramas de clases.&lt;/li&gt;
&lt;li&gt;Se ha interpretado el significado de diagramas de clases.&lt;/li&gt;
&lt;li&gt;Se han trazado diagramas de clases a partir de las especificaciones de las mismas.&lt;/li&gt;
&lt;/ol&gt;"></unicode>
             <string role="key" value="exe.engine.field.Field.persistenceVersion"></string>
             <int value="4"></int>
             <string role="key" value="exe.engine.field.FieldWithResources.persistenceVersion"></string>
             <int value="2"></int>
             <string role="key" value="exe.engine.field.TextAreaField.persistenceVersion"></string>
             <int value="2"></int>
             <string role="key" value="htmlTag"></string>
             <string value="div"></string>
             <string role="key" value="images"></string>
             <instance class="exe.engine.galleryidevice.GalleryImages">
              <dictionary>
               <string role="key" value=".listitems"></string>
               <list></list>
               <string role="key" value="idevice"></string>
               <reference key="18"></reference>
              </dictionary>
             </instance>
             <string role="key" value="intlinks_to_anchors"></string>
             <dictionary></dictionary>
             <string role="key" value="nextImageId"></string>
             <int value="0"></int>
             <string role="key" value="parentNode"></string>
             <reference key="19"></reference>
            </dictionary>
           </instance>
           <string role="key" value="edit"></string>
           <bool value="0"></bool>
           <string role="key" value="emphasis"></string>
           <int value="0"></int>
           <string role="key" value="exe.engine.freetextfpdidevice.FreeTextfpdIdevice.persistenceVersion"></string>
           <int value="8"></int>
           <string role="key" value="icon"></string>
           <string value=""></string>
           <string role="key" value="id"></string>
           <unicode value="3"></unicode>
           <string role="key" value="lastIdevice"></string>
           <bool value="0"></bool>
           <string role="key" value="parentNode"></string>
           <reference key="19"></reference>
           <string role="key" value="systemResources"></string>
           <list></list>
           <string role="key" value="undo"></string>
           <bool value="1"></bool>
           <string role="key" value="userResources"></string>
           <list></list>
           <string role="key" value="version"></string>
           <int value="0"></int>
          </dictionary>
         </instance>
         <instance class="exe.engine.freetextidevice.FreeTextIdevice" reference="20">
          <dictionary>
           <string role="key" value="_title"></string>
           <unicode value="Free Text"></unicode>
           <string role="key" value="_author"></string>
           <unicode value="University of Auckland"></unicode>
           <string role="key" value="_purpose"></string>
           <unicode value="The majority of a learning resource will be 
establishing context, delivering instructions and providing general information.
This provides the framework within which the learning activities are built and 
delivered."></unicode>
           <string role="key" value="_tip"></string>
           <string value=""></string>
           <string role="key" value="childs"></string>
           <list></list>
           <string role="key" value="content"></string>
           <instance class="exe.engine.field.TextAreaField" reference="21">
            <dictionary>
             <string role="key" value="_id"></string>
             <int value="1"></int>
             <string role="key" value="_idevice"></string>
             <reference key="20"></reference>
             <string role="key" value="_instruc"></string>
             <unicode value="Use this field to enter text. This 
iDevice has no emphasis applied although limited formatting can be applied to 
text through the text editing buttons associated with the field."></unicode>
             <string role="key" value="_name"></string>
             <unicode value="Free Text"></unicode>
             <string role="key" value="anchor_names"></string>
             <list></list>
             <string role="key" value="anchors_linked_from_fields"></string>
             <dictionary></dictionary>
             <string role="key" value="buttonCaption"></string>
             <string value=""></string>
             <string role="key" value="content_w_resourcePaths"></string>
             <unicode content="true" value="&lt;h4 class=&quot;resaltado_inline&quot; style=&quot;text-align: center;&quot;&gt;¿Cómo valoramos y puntuamos tu tarea?&lt;/h4&gt;
&lt;p&gt;&lt;/p&gt;
&lt;table class=&quot;tabla&quot; summary=&quot;Tabla de dos columnas que contienen los criterios de corrección y puntuación para la tarea de la unidad.&quot; style=&quot;width: 100%;&quot; border=&quot;0&quot;&gt;
&lt;tbody&gt;
&lt;tr&gt;
&lt;th scope=&quot;col&quot; style=&quot;width: 100%;&quot; colspan=&quot;2&quot;&gt;
&lt;p style=&quot;text-align: center;&quot;&gt;&lt;strong&gt;&lt;span style=&quot;font-size: large;&quot;&gt;&lt;strong&gt;&lt;span style=&quot;font-size: large;&quot;&gt;Rúbrica de la tarea&lt;br /&gt;&lt;/span&gt;&lt;/strong&gt;&lt;/span&gt;&lt;/strong&gt;&lt;/p&gt;
&lt;/th&gt;
&lt;/tr&gt;
&lt;tr&gt;
&lt;td style=&quot;width: 75%;&quot;&gt;
&lt;p&gt;Crear la tabla de sustantivos y categorizarlos, seleccionar las clases.&lt;/p&gt;
&lt;/td&gt;
&lt;td style=&quot;width: 25%;&quot;&gt;
&lt;p&gt;1 punto&lt;/p&gt;
&lt;/td&gt;
&lt;/tr&gt;
&lt;tr&gt;
&lt;td style=&quot;width: 75%;&quot;&gt;
&lt;p&gt;Obtener las relaciones&lt;/p&gt;
&lt;/td&gt;
&lt;td style=&quot;width: 25%;&quot;&gt;
&lt;p&gt;1 punto&lt;/p&gt;
&lt;/td&gt;
&lt;/tr&gt;
&lt;tr&gt;
&lt;td style=&quot;width: 75%;&quot;&gt;
&lt;p&gt;Obtener los atributos&lt;/p&gt;
&lt;/td&gt;
&lt;td style=&quot;width: 25%;&quot;&gt;
&lt;p&gt;0,5 puntos&lt;/p&gt;
&lt;/td&gt;
&lt;/tr&gt;
&lt;tr&gt;
&lt;td style=&quot;width: 75%;&quot;&gt;
&lt;p&gt;Obtener los métodos&lt;/p&gt;
&lt;/td&gt;
&lt;td style=&quot;width: 25%;&quot;&gt;
&lt;p&gt;0.5 puntos&lt;/p&gt;
&lt;/td&gt;
&lt;/tr&gt;
&lt;tr&gt;
&lt;td style=&quot;width: 75%;&quot;&gt;
&lt;p&gt;Crear el diagrama de clases&lt;/p&gt;
&lt;/td&gt;
&lt;td style=&quot;width: 25%;&quot;&gt;
&lt;p&gt;4 puntos&lt;/p&gt;
&lt;/td&gt;
&lt;/tr&gt;
&lt;tr&gt;
&lt;td style=&quot;width: 75%;&quot;&gt;
&lt;p&gt;Añadir getters, setters y constructores&lt;/p&gt;
&lt;/td&gt;
&lt;td style=&quot;width: 25%;&quot;&gt;
&lt;p&gt;1 punto&lt;/p&gt;
&lt;/td&gt;
&lt;/tr&gt;
&lt;tr&gt;
&lt;td style=&quot;width: 75%;&quot;&gt;
&lt;p&gt;Refinar el diagrama de clases&lt;/p&gt;
&lt;/td&gt;
&lt;td style=&quot;width: 25%;&quot;&gt;
&lt;p&gt;1 punto&lt;/p&gt;
&lt;/td&gt;
&lt;/tr&gt;
&lt;tr&gt;
&lt;td style=&quot;width: 75%;&quot;&gt;
&lt;p&gt;Añadir documentación&lt;/p&gt;
&lt;/td&gt;
&lt;td style=&quot;width: 25%;&quot;&gt;
&lt;p&gt;1 punto&lt;/p&gt;
&lt;/td&gt;
&lt;/tr&gt;
&lt;/tbody&gt;
&lt;/table&gt;"></unicode>
             <string role="key" value="exe.engine.field.Field.persistenceVersion"></string>
             <int value="4"></int>
             <string role="key" value="exe.engine.field.FieldWithResources.persistenceVersion"></string>
             <int value="2"></int>
             <string role="key" value="exe.engine.field.TextAreaField.persistenceVersion"></string>
             <int value="2"></int>
             <string role="key" value="htmlTag"></string>
             <string value="div"></string>
             <string role="key" value="images"></string>
             <instance class="exe.engine.galleryidevice.GalleryImages">
              <dictionary>
               <string role="key" value=".listitems"></string>
               <list></list>
               <string role="key" value="idevice"></string>
               <reference key="21"></reference>
              </dictionary>
             </instance>
             <string role="key" value="intlinks_to_anchors"></string>
             <dictionary></dictionary>
             <string role="key" value="nextImageId"></string>
             <int value="0"></int>
             <string role="key" value="parentNode"></string>
             <reference key="19"></reference>
            </dictionary>
           </instance>
           <string role="key" value="edit"></string>
           <bool value="0"></bool>
           <string role="key" value="emphasis"></string>
           <int value="0"></int>
           <string role="key" value="exe.engine.freetextidevice.FreeTextIdevice.persistenceVersion"></string>
           <int value="7"></int>
           <string role="key" value="icon"></string>
           <string value=""></string>
           <string role="key" value="id"></string>
           <unicode value="9"></unicode>
           <string role="key" value="lastIdevice"></string>
           <bool value="0"></bool>
           <string role="key" value="parent"></string>
           <none></none>
           <string role="key" value="parentNode"></string>
           <reference key="19"></reference>
           <string role="key" value="systemResources"></string>
           <list></list>
           <string role="key" value="type"></string>
           <none></none>
           <string role="key" value="undo"></string>
           <bool value="1"></bool>
           <string role="key" value="userResources"></string>
           <list></list>
           <string role="key" value="version"></string>
           <int value="0"></int>
          </dictionary>
         </instance>
        </list>
        <string role="key" value="_id"></string>
        <unicode value="2"></unicode>
        <string role="key" value="_package"></string>
        <reference key="6"></reference>
        <string role="key" value="anchor_fields"></string>
        <list></list>
        <string role="key" value="exe.engine.node.Node.persistenceVersion"></string>
        <int value="2"></int>
        <string role="key" value="exportType"></string>
        <string value="scorm"></string>
        <string role="key" value="last_full_node_path"></string>
        <string value="exe-node:Tarea%20online%20:3.-%20Evaluaci%C3%B3n%20de%20la%20tarea"></string>
        <string role="key" value="parent"></string>
        <reference key="3"></reference>
        <string role="key" value="top_anchors_linked_from_fields"></string>
        <list></list>
        <string role="key" value="children"></string>
        <list></list>
       </dictionary>
      </instance>
      <instance class="exe.engine.node.Node" reference="24">
       <dictionary>
        <string role="key" value="_title"></string>
        <unicode value="Anexo. Licencia de recursos"></unicode>
        <string role="key" value="idevices"></string>
        <list>
         <instance class="exe.engine.destacadofpdidevice.DestacadofpdIdevice" reference="22">
          <dictionary>
           <string role="key" value="_title"></string>
           <unicode value="FPD - Highlighted"></unicode>
           <string role="key" value="_activityInstruc"></string>
           <unicode value="Enter the text that will appear on this iDevice"></unicode>
           <string role="key" value="_author"></string>
           <unicode value="Jose Ramon Jimenez Reyes"></unicode>
           <string role="key" value="_purpose"></string>
           <unicode value="Highlighted is an iDevice that emphasizes text to catch the student's attention."></unicode>
           <string role="key" value="_tip"></string>
           <unicode value=""></unicode>
           <string role="key" value="activityTextArea"></string>
           <instance class="exe.engine.field.TextAreaField" reference="23">
            <dictionary>
             <string role="key" value="_id"></string>
             <int value="151"></int>
             <string role="key" value="_idevice"></string>
             <reference key="22"></reference>
             <string role="key" value="_instruc"></string>
             <unicode value="Enter the text that will appear on this iDevice"></unicode>
             <string role="key" value="_name"></string>
             <unicode value="Highlighted Text:"></unicode>
             <string role="key" value="anchor_names"></string>
             <list></list>
             <string role="key" value="anchors_linked_from_fields"></string>
             <dictionary></dictionary>
             <string role="key" value="buttonCaption"></string>
             <string value=""></string>
             <string role="key" value="content_w_resourcePaths"></string>
             <unicode content="true" value="&lt;p&gt;&lt;strong&gt;Nota:&lt;/strong&gt;&lt;br /&gt;&lt;br /&gt;Para esta tarea no es necesario incluir en este anexo la cita de las licencias de ningún recurso. Este anexo incluye exclusivamente recursos cuya licencia obliga a la cita expresa y que, por la extensión de sus credenciales o por cualquier cuestión técnica, no se pueden citar en línea. El resto de recursos son de elaboración propia y no requieren cita expresa, quedando su licencia expresada en la de los propios materiales o citada en línea, en el lugar donde aparecen en los contenidos.&lt;/p&gt;"></unicode>
             <string role="key" value="exe.engine.field.Field.persistenceVersion"></string>
             <int value="4"></int>
             <string role="key" value="exe.engine.field.FieldWithResources.persistenceVersion"></string>
             <int value="2"></int>
             <string role="key" value="exe.engine.field.TextAreaField.persistenceVersion"></string>
             <int value="2"></int>
             <string role="key" value="htmlTag"></string>
             <string value="div"></string>
             <string role="key" value="images"></string>
             <instance class="exe.engine.galleryidevice.GalleryImages">
              <dictionary>
               <string role="key" value=".listitems"></string>
               <list></list>
               <string role="key" value="idevice"></string>
               <reference key="23"></reference>
              </dictionary>
             </instance>
             <string role="key" value="intlinks_to_anchors"></string>
             <dictionary></dictionary>
             <string role="key" value="nextImageId"></string>
             <int value="0"></int>
             <string role="key" value="parentNode"></string>
             <reference key="24"></reference>
            </dictionary>
           </instance>
           <string role="key" value="edit"></string>
           <bool value="0"></bool>
           <string role="key" value="emphasis"></string>
           <int value="0"></int>
           <string role="key" value="exe.engine.destacadofpdidevice.DestacadofpdIdevice.persistenceVersion"></string>
           <int value="9"></int>
           <string role="key" value="icon"></string>
           <unicode value="destacadofpd"></unicode>
           <string role="key" value="id"></string>
           <unicode value="23"></unicode>
           <string role="key" value="lastIdevice"></string>
           <bool value="0"></bool>
           <string role="key" value="originalicon"></string>
           <unicode value="destacadofpd"></unicode>
           <string role="key" value="parentNode"></string>
           <reference key="24"></reference>
           <string role="key" value="systemResources"></string>
           <list>
            <string value="common.js"></string>
           </list>
           <string role="key" value="undo"></string>
           <bool value="1"></bool>
           <string role="key" value="userResources"></string>
           <list></list>
           <string role="key" value="version"></string>
           <int value="0"></int>
          </dictionary>
         </instance>
         <instance class="exe.engine.freetextfpdidevice.FreeTextfpdIdevice" reference="25">
          <dictionary>
           <string role="key" value="_title"></string>
           <unicode value="FPD - Free Text"></unicode>
           <string role="key" value="_author"></string>
           <unicode value="University of Auckland"></unicode>
           <string role="key" value="_purpose"></string>
           <unicode value="The majority of a learning resource will be 
establishing context, delivering instructions and providing general information.
This provides the framework within which the learning activities are built and 
delivered."></unicode>
           <string role="key" value="_tip"></string>
           <string value=""></string>
           <string role="key" value="content"></string>
           <instance class="exe.engine.field.TextAreaField" reference="26">
            <dictionary>
             <string role="key" value="_id"></string>
             <int value="154"></int>
             <string role="key" value="_idevice"></string>
             <reference key="25"></reference>
             <string role="key" value="_instruc"></string>
             <unicode value="Use this field to enter text. This 
iDevice has no emphasis applied although limited formatting can be applied to 
text through the text editing buttons associated with the field."></unicode>
             <string role="key" value="_name"></string>
             <unicode value="Free Text"></unicode>
             <string role="key" value="anchor_names"></string>
             <list></list>
             <string role="key" value="anchors_linked_from_fields"></string>
             <dictionary></dictionary>
             <string role="key" value="buttonCaption"></string>
             <string value=""></string>
             <string role="key" value="content_w_resourcePaths"></string>
             <unicode content="true" value="&lt;table class=&quot;tabla&quot; summary=&quot;Datos de licencia de todos los recursos utilizados en la tarea&quot; style=&quot;width: 95%;&quot;&gt;&lt;caption&gt;Licencias de recursos utilizados en la tarea&lt;/caption&gt;
&lt;tbody&gt;
&lt;tr&gt;&lt;th scope=&quot;col&quot;&gt;Recurso&lt;/th&gt;&lt;th scope=&quot;col&quot;&gt;Datos del recurso&lt;/th&gt;&lt;th scope=&quot;col&quot;&gt;Recurso&lt;/th&gt;&lt;th scope=&quot;col&quot;&gt;Datos del recurso&lt;/th&gt;&lt;/tr&gt;
&lt;tr&gt;
&lt;td class=&quot;texto_centrado&quot;&gt;&lt;/td&gt;
&lt;td&gt;
&lt;p&gt;Autoría:&lt;/p&gt;
&lt;p&gt;Licencia:&lt;/p&gt;
&lt;p&gt;Procedencia:&lt;/p&gt;
&lt;/td&gt;
&lt;td class=&quot;texto_centrado&quot;&gt;&lt;/td&gt;
&lt;td&gt;
&lt;p&gt;Autoría:&lt;/p&gt;
&lt;p&gt;Licencia:&lt;/p&gt;
&lt;p&gt;Procedencia:&lt;/p&gt;
&lt;/td&gt;
&lt;/tr&gt;
&lt;tr&gt;
&lt;td class=&quot;texto_centrado&quot;&gt;&lt;/td&gt;
&lt;td&gt;
&lt;p&gt;Autoría:&lt;/p&gt;
&lt;p&gt;Licencia:&lt;/p&gt;
&lt;p&gt;Procedencia:&lt;/p&gt;
&lt;/td&gt;
&lt;td class=&quot;texto_centrado&quot;&gt;&lt;/td&gt;
&lt;td&gt;
&lt;p&gt;Autoría:&lt;/p&gt;
&lt;p&gt;Licencia:&lt;/p&gt;
&lt;p&gt;Procedencia:&lt;/p&gt;
&lt;/td&gt;
&lt;/tr&gt;
&lt;tr&gt;
&lt;td class=&quot;texto_centrado&quot;&gt;&lt;/td&gt;
&lt;td&gt;
&lt;p&gt;Autoría:&lt;/p&gt;
&lt;p&gt;Licencia:&lt;/p&gt;
&lt;p&gt;Procedencia:&lt;/p&gt;
&lt;/td&gt;
&lt;td class=&quot;texto_centrado&quot;&gt;&lt;/td&gt;
&lt;td&gt;
&lt;p&gt;Autoría:&lt;/p&gt;
&lt;p&gt;Licencia:&lt;/p&gt;
&lt;p&gt;Procedencia:&lt;/p&gt;
&lt;/td&gt;
&lt;/tr&gt;
&lt;tr&gt;
&lt;td class=&quot;texto_centrado&quot;&gt;&lt;/td&gt;
&lt;td&gt;
&lt;p&gt;Autoría:&lt;/p&gt;
&lt;p&gt;Licencia:&lt;/p&gt;
&lt;p&gt;Procedencia:&lt;/p&gt;
&lt;/td&gt;
&lt;td class=&quot;texto_centrado&quot;&gt;&lt;/td&gt;
&lt;td&gt;
&lt;p&gt;Autoría:&lt;/p&gt;
&lt;p&gt;Licencia:&lt;/p&gt;
&lt;p&gt;Procedencia:&lt;/p&gt;
&lt;/td&gt;
&lt;/tr&gt;
&lt;tr&gt;
&lt;td class=&quot;texto_centrado&quot;&gt;&lt;/td&gt;
&lt;td&gt;
&lt;p&gt;Autoría:&lt;/p&gt;
&lt;p&gt;Licencia:&lt;/p&gt;
&lt;p&gt;Procedencia:&lt;/p&gt;
&lt;/td&gt;
&lt;td class=&quot;texto_centrado&quot;&gt;&lt;/td&gt;
&lt;td&gt;
&lt;p&gt;Autoría:&lt;/p&gt;
&lt;p&gt;Licencia:&lt;/p&gt;
&lt;p&gt;Procedencia:&lt;/p&gt;
&lt;/td&gt;
&lt;/tr&gt;
&lt;/tbody&gt;
&lt;/table&gt;"></unicode>
             <string role="key" value="exe.engine.field.Field.persistenceVersion"></string>
             <int value="4"></int>
             <string role="key" value="exe.engine.field.FieldWithResources.persistenceVersion"></string>
             <int value="2"></int>
             <string role="key" value="exe.engine.field.TextAreaField.persistenceVersion"></string>
             <int value="2"></int>
             <string role="key" value="htmlTag"></string>
             <string value="div"></string>
             <string role="key" value="images"></string>
             <instance class="exe.engine.galleryidevice.GalleryImages">
              <dictionary>
               <string role="key" value=".listitems"></string>
               <list></list>
               <string role="key" value="idevice"></string>
               <reference key="26"></reference>
              </dictionary>
             </instance>
             <string role="key" value="intlinks_to_anchors"></string>
             <dictionary></dictionary>
             <string role="key" value="nextImageId"></string>
             <int value="0"></int>
             <string role="key" value="parentNode"></string>
             <reference key="24"></reference>
            </dictionary>
           </instance>
           <string role="key" value="edit"></string>
           <bool value="0"></bool>
           <string role="key" value="emphasis"></string>
           <int value="0"></int>
           <string role="key" value="exe.engine.freetextfpdidevice.FreeTextfpdIdevice.persistenceVersion"></string>
           <int value="8"></int>
           <string role="key" value="icon"></string>
           <string value=""></string>
           <string role="key" value="id"></string>
           <unicode value="24"></unicode>
           <string role="key" value="lastIdevice"></string>
           <bool value="0"></bool>
           <string role="key" value="originalicon"></string>
           <string value=""></string>
           <string role="key" value="parentNode"></string>
           <reference key="24"></reference>
           <string role="key" value="systemResources"></string>
           <list></list>
           <string role="key" value="undo"></string>
           <bool value="1"></bool>
           <string role="key" value="userResources"></string>
           <list></list>
           <string role="key" value="version"></string>
           <int value="0"></int>
          </dictionary>
         </instance>
        </list>
        <string role="key" value="_id"></string>
        <unicode value="9"></unicode>
        <string role="key" value="_package"></string>
        <reference key="6"></reference>
        <string role="key" value="anchor_fields"></string>
        <list></list>
        <string role="key" value="exe.engine.node.Node.persistenceVersion"></string>
        <int value="2"></int>
        <string role="key" value="exportType"></string>
        <string value="scorm"></string>
        <string role="key" value="last_full_node_path"></string>
        <string value="exe-node:Tarea%20online%20:Anexo.%20Licencia%20de%20recursos"></string>
        <string role="key" value="parent"></string>
        <reference key="3"></reference>
        <string role="key" value="top_anchors_linked_from_fields"></string>
        <list></list>
        <string role="key" value="children"></string>
        <list></list>
       </dictionary>
      </instance>
     </list>
    </dictionary>
   </instance>
   <unicode role="key" value="1"></unicode>
   <reference key="9"></reference>
   <unicode role="key" value="2"></unicode>
   <reference key="19"></reference>
   <unicode role="key" value="5"></unicode>
   <reference key="14"></reference>
   <unicode role="key" value="9"></unicode>
   <reference key="24"></reference>
  </dictionary>
  <string role="key" value="_objectives"></string>
  <unicode value=""></unicode>
  <string role="key" value="_preknowledge"></string>
  <unicode value=""></unicode>
  <string role="key" value="backgroundImgTile"></string>
  <bool value="0"></bool>
  <string role="key" value="compatibleWithVersion9"></string>
  <bool value="1"></bool>
  <string role="key" value="currentNode"></string>
  <reference key="19"></reference>
  <string role="key" value="dublinCore"></string>
  <instance class="exe.engine.package.DublinCore">
   <dictionary>
    <string role="key" value="contributors"></string>
    <unicode value=""></unicode>
    <string role="key" value="coverage"></string>
    <unicode value=""></unicode>
    <string role="key" value="creator"></string>
    <unicode value=""></unicode>
    <string role="key" value="date"></string>
    <unicode value=""></unicode>
    <string role="key" value="description"></string>
    <unicode value=""></unicode>
    <string role="key" value="format"></string>
    <unicode value=""></unicode>
    <string role="key" value="identifier"></string>
    <unicode value=""></unicode>
    <string role="key" value="language"></string>
    <unicode value="es"></unicode>
    <string role="key" value="publisher"></string>
    <unicode value=""></unicode>
    <string role="key" value="relation"></string>
    <unicode value=""></unicode>
    <string role="key" value="rights"></string>
    <unicode value=""></unicode>
    <string role="key" value="source"></string>
    <unicode value=""></unicode>
    <string role="key" value="subject"></string>
    <unicode value=""></unicode>
    <string role="key" value="title"></string>
    <unicode value=""></unicode>
    <string role="key" value="type"></string>
    <unicode value=""></unicode>
   </dictionary>
  </instance>
  <string role="key" value="exe.engine.package.Package.persistenceVersion"></string>
  <int value="13"></int>
  <string role="key" value="exportMetadataType"></string>
  <string value="LOMES"></string>
  <string role="key" value="exportSource"></string>
  <bool value="1"></bool>
  <string role="key" value="footer"></string>
  <unicode value=""></unicode>
  <string role="key" value="isChanged"></string>
  <bool value="0"></bool>
  <string role="key" value="isLoading"></string>
  <bool value="0"></bool>
  <string role="key" value="license"></string>
  <unicode value=""></unicode>
  <string role="key" value="lom"></string>
  <instance class="exe.engine.lom.lomsubs.lomSub">
   <dictionary>
    <string role="key" value="__index__"></string>
    <dictionary></dictionary>
    <string role="key" value="__oldchild__"></string>
    <none></none>
    <string role="key" value="annotation"></string>
    <list></list>
    <string role="key" value="classification"></string>
    <list></list>
    <string role="key" value="educational"></string>
    <list></list>
    <string role="key" value="general"></string>
    <instance class="exe.engine.lom.lomsubs.generalSub">
     <dictionary>
      <string role="key" value="aggregationLevel"></string>
      <instance class="exe.engine.lom.lomsubs.aggregationLevelSub">
       <dictionary>
        <string role="key" value="extensiontype_"></string>
        <none></none>
        <string role="key" value="source"></string>
        <instance class="exe.engine.lom.lomsubs.sourceValueSub">
         <dictionary>
          <string role="key" value="extensiontype_"></string>
          <none></none>
          <string role="key" value="string"></string>
          <list></list>
          <string role="key" value="uniqueElementName"></string>
          <string value="source"></string>
          <string role="key" value="valueOf_"></string>
          <string value="LOMv1.0"></string>
         </dictionary>
        </instance>
        <string role="key" value="uniqueElementName"></string>
        <string value="aggregationLevel"></string>
        <string role="key" value="value"></string>
        <instance class="exe.engine.lom.lomsubs.aggregationLevelValueSub">
         <dictionary>
          <string role="key" value="extensiontype_"></string>
          <none></none>
          <string role="key" value="source"></string>
          <none></none>
          <string role="key" value="uniqueElementName"></string>
          <string value="value"></string>
          <string role="key" value="value"></string>
          <none></none>
          <string role="key" value="valueOf_"></string>
          <string value="2"></string>
         </dictionary>
        </instance>
       </dictionary>
      </instance>
      <string role="key" value="coverage"></string>
      <list></list>
      <string role="key" value="description"></string>
      <list></list>
      <string role="key" value="identifier"></string>
      <list>
       <instance class="exe.engine.lom.lomsubs.identifierSub">
        <dictionary>
         <string role="key" value="catalog"></string>
         <instance class="exe.engine.lom.lomsubs.catalogSub">
          <dictionary>
           <string role="key" value="uniqueElementName"></string>
           <string value="catalog"></string>
           <string role="key" value="valueOf_"></string>
           <unicode value="Mi catálogo"></unicode>
          </dictionary>
         </instance>
         <string role="key" value="entry"></string>
         <instance class="exe.engine.lom.lomsubs.entrySub">
          <dictionary>
           <string role="key" value="uniqueElementName"></string>
           <string value="entry"></string>
           <string role="key" value="valueOf_"></string>
           <string value="e39c8c0e-d9ed-4e52-b504-e4562031f43b"></string>
          </dictionary>
         </instance>
        </dictionary>
       </instance>
      </list>
      <string role="key" value="keyword"></string>
      <list></list>
      <string role="key" value="language"></string>
      <list></list>
      <string role="key" value="structure"></string>
      <none></none>
      <string role="key" value="title"></string>
      <none></none>
      <string role="key" value="uniqueElementName"></string>
      <string value="general"></string>
     </dictionary>
    </instance>
    <string role="key" value="lifeCycle"></string>
    <none></none>
    <string role="key" value="metaMetadata"></string>
    <instance class="exe.engine.lom.lomsubs.metaMetadataSub">
     <dictionary>
      <string role="key" value="contribute"></string>
      <list>
       <instance class="exe.engine.lom.lomsubs.contributeMetaSub">
        <dictionary>
         <string role="key" value="date"></string>
         <instance class="exe.engine.lom.lomsubs.dateSub">
          <dictionary>
           <string role="key" value="dateTime"></string>
           <instance class="exe.engine.lom.lomsubs.DateTimeValueSub">
            <dictionary>
             <string role="key" value="uniqueElementName"></string>
             <string value="dateTime"></string>
             <string role="key" value="valueOf_"></string>
             <string value="2018-04-27T13:19:15.00+02:00"></string>
            </dictionary>
           </instance>
           <string role="key" value="description"></string>
           <instance class="exe.engine.lom.lomsubs.LanguageStringSub">
            <dictionary>
             <string role="key" value="extensiontype_"></string>
             <none></none>
             <string role="key" value="string"></string>
             <list>
              <instance class="exe.engine.lom.lomsubs.LangStringSub">
               <dictionary>
                <string role="key" value="language"></string>
                <string value="es"></string>
                <string role="key" value="valueOf_"></string>
                <string value="Fecha de creaci\xc3\xb3n de los metadatos"></string>
               </dictionary>
              </instance>
             </list>
            </dictionary>
           </instance>
           <string role="key" value="extensiontype_"></string>
           <none></none>
           <string role="key" value="uniqueElementName"></string>
           <none></none>
           <string role="key" value="valueOf_"></string>
           <none></none>
          </dictionary>
         </instance>
         <string role="key" value="entity"></string>
         <list>
          <instance class="exe.engine.lom.lomsubs.entitySub">
           <dictionary>
            <string role="key" value="extensiontype_"></string>
            <none></none>
            <string role="key" value="valueOf_"></string>
            <string value="BEGIN:VCARD VERSION:3.0 FN: EMAIL;TYPE=INTERNET: ORG: END:VCARD"></string>
           </dictionary>
          </instance>
         </list>
         <string role="key" value="role"></string>
         <instance class="exe.engine.lom.lomsubs.roleSub">
          <dictionary>
           <string role="key" value="extensiontype_"></string>
           <none></none>
           <string role="key" value="source"></string>
           <instance class="exe.engine.lom.lomsubs.sourceValueSub">
            <dictionary>
             <string role="key" value="extensiontype_"></string>
             <none></none>
             <string role="key" value="string"></string>
             <list></list>
             <string role="key" value="uniqueElementName"></string>
             <string value="source"></string>
             <string role="key" value="valueOf_"></string>
             <string value="LOMv1.0"></string>
            </dictionary>
           </instance>
           <string role="key" value="uniqueElementName"></string>
           <string value="role"></string>
           <string role="key" value="value"></string>
           <instance class="exe.engine.lom.lomsubs.roleValueSub">
            <dictionary>
             <string role="key" value="extensiontype_"></string>
             <none></none>
             <string role="key" value="source"></string>
             <none></none>
             <string role="key" value="uniqueElementName"></string>
             <string value="value"></string>
             <string role="key" value="value"></string>
             <none></none>
             <string role="key" value="valueOf_"></string>
             <string value="creator"></string>
            </dictionary>
           </instance>
          </dictionary>
         </instance>
        </dictionary>
       </instance>
      </list>
      <string role="key" value="identifier"></string>
      <list></list>
      <string role="key" value="language"></string>
      <none></none>
      <string role="key" value="metadataSchema"></string>
      <list>
       <instance class="exe.engine.lom.lomsubs.metadataSchemaSub">
        <dictionary>
         <string role="key" value="valueOf_"></string>
         <string value="LOMv1.0"></string>
        </dictionary>
       </instance>
      </list>
      <string role="key" value="uniqueElementName"></string>
      <string value="metaMetadata"></string>
     </dictionary>
    </instance>
    <string role="key" value="relation"></string>
    <list></list>
    <string role="key" value="rights"></string>
    <none></none>
    <string role="key" value="technical"></string>
    <none></none>
   </dictionary>
  </instance>
  <string role="key" value="lomEs"></string>
  <instance class="exe.engine.lom.lomsubs.lomSub">
   <dictionary>
    <string role="key" value="__index__"></string>
    <dictionary></dictionary>
    <string role="key" value="__oldchild__"></string>
    <none></none>
    <string role="key" value="annotation"></string>
    <list></list>
    <string role="key" value="classification"></string>
    <list></list>
    <string role="key" value="educational"></string>
    <list></list>
    <string role="key" value="general"></string>
    <instance class="exe.engine.lom.lomsubs.generalSub">
     <dictionary>
      <string role="key" value="aggregationLevel"></string>
      <instance class="exe.engine.lom.lomsubs.aggregationLevelSub">
       <dictionary>
        <string role="key" value="extensiontype_"></string>
        <none></none>
        <string role="key" value="source"></string>
        <instance class="exe.engine.lom.lomsubs.sourceValueSub">
         <dictionary>
          <string role="key" value="extensiontype_"></string>
          <none></none>
          <string role="key" value="string"></string>
          <list></list>
          <string role="key" value="uniqueElementName"></string>
          <string value="source"></string>
          <string role="key" value="valueOf_"></string>
          <string value="LOM-ESv1.0"></string>
         </dictionary>
        </instance>
        <string role="key" value="uniqueElementName"></string>
        <string value="aggregationLevel"></string>
        <string role="key" value="value"></string>
        <instance class="exe.engine.lom.lomsubs.aggregationLevelValueSub">
         <dictionary>
          <string role="key" value="extensiontype_"></string>
          <none></none>
          <string role="key" value="source"></string>
          <none></none>
          <string role="key" value="uniqueElementName"></string>
          <string value="value"></string>
          <string role="key" value="value"></string>
          <none></none>
          <string role="key" value="valueOf_"></string>
          <string value="2"></string>
         </dictionary>
        </instance>
       </dictionary>
      </instance>
      <string role="key" value="coverage"></string>
      <list></list>
      <string role="key" value="description"></string>
      <list></list>
      <string role="key" value="identifier"></string>
      <list>
       <instance class="exe.engine.lom.lomsubs.identifierSub">
        <dictionary>
         <string role="key" value="catalog"></string>
         <instance class="exe.engine.lom.lomsubs.catalogSub">
          <dictionary>
           <string role="key" value="uniqueElementName"></string>
           <string value="catalog"></string>
           <string role="key" value="valueOf_"></string>
           <unicode value="Mi catálogo"></unicode>
          </dictionary>
         </instance>
         <string role="key" value="entry"></string>
         <instance class="exe.engine.lom.lomsubs.entrySub">
          <dictionary>
           <string role="key" value="uniqueElementName"></string>
           <string value="entry"></string>
           <string role="key" value="valueOf_"></string>
           <string value="e39c8c0e-d9ed-4e52-b504-e4562031f43b"></string>
          </dictionary>
         </instance>
        </dictionary>
       </instance>
      </list>
      <string role="key" value="keyword"></string>
      <list></list>
      <string role="key" value="language"></string>
      <list></list>
      <string role="key" value="structure"></string>
      <none></none>
      <string role="key" value="title"></string>
      <none></none>
      <string role="key" value="uniqueElementName"></string>
      <string value="general"></string>
     </dictionary>
    </instance>
    <string role="key" value="lifeCycle"></string>
    <none></none>
    <string role="key" value="metaMetadata"></string>
    <instance class="exe.engine.lom.lomsubs.metaMetadataSub">
     <dictionary>
      <string role="key" value="contribute"></string>
      <list>
       <instance class="exe.engine.lom.lomsubs.contributeMetaSub">
        <dictionary>
         <string role="key" value="date"></string>
         <instance class="exe.engine.lom.lomsubs.dateSub">
          <dictionary>
           <string role="key" value="dateTime"></string>
           <instance class="exe.engine.lom.lomsubs.DateTimeValueSub">
            <dictionary>
             <string role="key" value="uniqueElementName"></string>
             <string value="dateTime"></string>
             <string role="key" value="valueOf_"></string>
             <string value="2018-04-27T13:19:15.00+02:00"></string>
            </dictionary>
           </instance>
           <string role="key" value="description"></string>
           <instance class="exe.engine.lom.lomsubs.LanguageStringSub">
            <dictionary>
             <string role="key" value="extensiontype_"></string>
             <none></none>
             <string role="key" value="string"></string>
             <list>
              <instance class="exe.engine.lom.lomsubs.LangStringSub">
               <dictionary>
                <string role="key" value="language"></string>
                <string value="es"></string>
                <string role="key" value="valueOf_"></string>
                <string value="Fecha de creaci\xc3\xb3n de los metadatos"></string>
               </dictionary>
              </instance>
             </list>
            </dictionary>
           </instance>
           <string role="key" value="extensiontype_"></string>
           <none></none>
           <string role="key" value="uniqueElementName"></string>
           <none></none>
           <string role="key" value="valueOf_"></string>
           <none></none>
          </dictionary>
         </instance>
         <string role="key" value="entity"></string>
         <list>
          <instance class="exe.engine.lom.lomsubs.entitySub">
           <dictionary>
            <string role="key" value="extensiontype_"></string>
            <none></none>
            <string role="key" value="valueOf_"></string>
            <string value="BEGIN:VCARD VERSION:3.0 FN: EMAIL;TYPE=INTERNET: ORG: END:VCARD"></string>
           </dictionary>
          </instance>
         </list>
         <string role="key" value="role"></string>
         <instance class="exe.engine.lom.lomsubs.roleSub">
          <dictionary>
           <string role="key" value="extensiontype_"></string>
           <none></none>
           <string role="key" value="source"></string>
           <instance class="exe.engine.lom.lomsubs.sourceValueSub">
            <dictionary>
             <string role="key" value="extensiontype_"></string>
             <none></none>
             <string role="key" value="string"></string>
             <list></list>
             <string role="key" value="uniqueElementName"></string>
             <string value="source"></string>
             <string role="key" value="valueOf_"></string>
             <string value="LOM-ESv1.0"></string>
            </dictionary>
           </instance>
           <string role="key" value="uniqueElementName"></string>
           <string value="role"></string>
           <string role="key" value="value"></string>
           <instance class="exe.engine.lom.lomsubs.roleValueSub">
            <dictionary>
             <string role="key" value="extensiontype_"></string>
             <none></none>
             <string role="key" value="source"></string>
             <none></none>
             <string role="key" value="uniqueElementName"></string>
             <string value="value"></string>
             <string role="key" value="value"></string>
             <none></none>
             <string role="key" value="valueOf_"></string>
             <string value="creator"></string>
            </dictionary>
           </instance>
          </dictionary>
         </instance>
        </dictionary>
       </instance>
      </list>
      <string role="key" value="identifier"></string>
      <list></list>
      <string role="key" value="language"></string>
      <none></none>
      <string role="key" value="metadataSchema"></string>
      <list>
       <instance class="exe.engine.lom.lomsubs.metadataSchemaSub">
        <dictionary>
         <string role="key" value="valueOf_"></string>
         <string value="LOM-ESv1.0"></string>
        </dictionary>
       </instance>
      </list>
      <string role="key" value="uniqueElementName"></string>
      <string value="metaMetadata"></string>
     </dictionary>
    </instance>
    <string role="key" value="relation"></string>
    <list></list>
    <string role="key" value="rights"></string>
    <instance class="exe.engine.lom.lomsubs.rightsSub">
     <dictionary>
      <string role="key" value="access"></string>
      <instance class="exe.engine.lom.lomsubs.accessSub">
       <dictionary>
        <string role="key" value="accessType"></string>
        <instance class="exe.engine.lom.lomsubs.accessTypeSub">
         <dictionary>
          <string role="key" value="extensiontype_"></string>
          <none></none>
          <string role="key" value="source"></string>
          <instance class="exe.engine.lom.lomsubs.sourceValueSub">
           <dictionary>
            <string role="key" value="extensiontype_"></string>
            <none></none>
            <string role="key" value="string"></string>
            <list></list>
            <string role="key" value="uniqueElementName"></string>
            <string value="source"></string>
            <string role="key" value="valueOf_"></string>
            <string value="LOM-ESv1.0"></string>
           </dictionary>
          </instance>
          <string role="key" value="uniqueElementName"></string>
          <string value="accessType"></string>
          <string role="key" value="value"></string>
          <instance class="exe.engine.lom.lomsubs.accessTypeValueSub">
           <dictionary>
            <string role="key" value="extensiontype_"></string>
            <none></none>
            <string role="key" value="source"></string>
            <none></none>
            <string role="key" value="uniqueElementName"></string>
            <string value="value"></string>
            <string role="key" value="value"></string>
            <none></none>
            <string role="key" value="valueOf_"></string>
            <string value="universal"></string>
           </dictionary>
          </instance>
         </dictionary>
        </instance>
        <string role="key" value="description"></string>
        <instance class="exe.engine.lom.lomsubs.LanguageStringSub">
         <dictionary>
          <string role="key" value="extensiontype_"></string>
          <none></none>
          <string role="key" value="string"></string>
          <list>
           <instance class="exe.engine.lom.lomsubs.LangStringSub">
            <dictionary>
             <string role="key" value="language"></string>
             <string value="es"></string>
             <string role="key" value="valueOf_"></string>
             <unicode value="Preestablecido"></unicode>
            </dictionary>
           </instance>
          </list>
         </dictionary>
        </instance>
        <string role="key" value="uniqueElementName"></string>
        <string value="access"></string>
       </dictionary>
      </instance>
      <string role="key" value="copyrightAndOtherRestrictions"></string>
      <none></none>
      <string role="key" value="cost"></string>
      <none></none>
      <string role="key" value="description"></string>
      <none></none>
      <string role="key" value="uniqueElementName"></string>
      <string value="rights"></string>
     </dictionary>
    </instance>
    <string role="key" value="technical"></string>
    <none></none>
   </dictionary>
  </instance>
  <string role="key" value="mxmlforcemediaonly"></string>
  <bool value="0"></bool>
  <string role="key" value="mxmlheight"></string>
  <string value=""></string>
  <string role="key" value="mxmlprofilelist"></string>
  <string value=""></string>
  <string role="key" value="mxmlwidth"></string>
  <string value=""></string>
  <string role="key" value="resources"></string>
  <dictionary></dictionary>
  <string role="key" value="root"></string>
  <reference key="3"></reference>
  <string role="key" value="scolinks"></string>
  <bool value="0"></bool>
  <string role="key" value="scowsinglepage"></string>
  <bool value="0"></bool>
  <string role="key" value="scowwebsite"></string>
  <bool value="0"></bool>
  <string role="key" value="style"></string>
  <unicode value="FPD-MEDU"></unicode>
  <string role="key" value="tempFile"></string>
  <bool value="0"></bool>
 </dictionary>
</instance>