<?xml version="1.0" encoding="UTF-8"?>
<lom xmlns="http://ltsc.ieee.org/xsd/LOM" xmlns:xsi="http://www.w3.org/2001/XMLSchema-instance" xsi:schemaLocation="http://ltsc.ieee.org/xsd/LOM lomCustom.xsd"><general uniqueElementName="general"><identifier><catalog uniqueElementName="catalog">Mi catálogo</catalog><entry uniqueElementName="entry">e39c8c0e-d9ed-4e52-b504-e4562031f43b</entry></identifier><title><string language="es">Actividad5</string></title><aggregationLevel uniqueElementName="aggregationLevel"><source uniqueElementName="source">LOM-ESv1.0</source><value uniqueElementName="value">2</value></aggregationLevel></general><metaMetadata uniqueElementName="metaMetadata"><contribute><role uniqueElementName="role"><source uniqueElementName="source">LOM-ESv1.0</source><value uniqueElementName="value">creator</value></role><entity>BEGIN:VCARD VERSION:3.0 FN: EMAIL;TYPE=INTERNET: ORG: END:VCARD</entity><date><dateTime uniqueElementName="dateTime">2018-04-27T13:19:15.00+02:00</dateTime><description><string language="es">Fecha de creación de los metadatos</string></description></date></contribute><metadataSchema>LOM-ESv1.0</metadataSchema></metaMetadata><rights uniqueElementName="rights"><access uniqueElementName="access"><accessType uniqueElementName="accessType"><source uniqueElementName="source">LOM-ESv1.0</source><value uniqueElementName="value">universal</value></accessType><description><string language="es">Preestablecido</string></description></access></rights></lom>