<?xml version="1.0" encoding="UTF-8"?>
<!-- Generated by eXe - http://exelearning.net -->
<manifest identifier="eXeActividad559fb0a9a2380aeda171" xmlns="http://www.imsproject.org/xsd/imscp_rootv1p1p2" xmlns:adlcp="http://www.adlnet.org/xsd/adlcp_rootv1p2" xmlns:imsmd="http://www.imsglobal.org/xsd/imsmd_v1p2" xmlns:xsi="http://www.w3.org/2001/XMLSchema-instance" xsi:schemaLocation="http://www.imsproject.org/xsd/imscp_rootv1p1p2 imscp_rootv1p1p2.xsd http://www.imsglobal.org/xsd/imsmd_rootv1p2p1 imsmd_rootv1p2p1.xsd http://www.adlnet.org/xsd/adlcp_rootv1p2 adlcp_rootv1p2.xsd" > 
<metadata> 
 <schema>ADL SCORM</schema> 
 <schemaversion>1.2</schemaversion> 
 <adlcp:location>imslrm.xml</adlcp:location> 
</metadata> 
<organizations default="eXeActividad559fb0a9a2380aeda172">  
    <organization identifier="eXeActividad559fb0a9a2380aeda172" structure="hierarchical">
        <title>Tarea online</title>
<item identifier="ITEM-eXeActividad559fb0a9a2380aeda173" isvisible="true" identifierref="RES-eXeActividad559fb0a9a2380aeda174">
    <title>Tarea online</title>
<item identifier="ITEM-eXeActividad559fb0a9a2380aeda175" isvisible="true" identifierref="RES-eXeActividad559fb0a9a2380aeda176">
    <title>1.- Descripción de la tarea</title>
</item>
<item identifier="ITEM-eXeActividad559fb0a9a2380aeda187" isvisible="true" identifierref="RES-eXeActividad559fb0a9a2380aeda188">
    <title>2.- Información de interés</title>
</item>
<item identifier="ITEM-eXeActividad559fb0a9a2380aeda189" isvisible="true" identifierref="RES-eXeActividad559fb0a9a2380aeda18a">
    <title>3.- Evaluación de la tarea</title>
</item>
<item identifier="ITEM-eXeActividad559fb0a9a2380aeda18b" isvisible="true" identifierref="RES-eXeActividad559fb0a9a2380aeda18c">
    <title>Anexo. Licencia de recursos</title>
</item>
</item>
  </organization>
</organizations>
<resources>
  <resource identifier="RES-eXeActividad559fb0a9a2380aeda174" type="webcontent" adlcp:scormtype="sco" href="index.html"> 
    <file href="index.html"/> 
    <file href="common.js"/>
    <dependency identifierref="COMMON_FILES"/>
  </resource>
  <resource identifier="RES-eXeActividad559fb0a9a2380aeda176" type="webcontent" adlcp:scormtype="sco" href="1_descripcin_de_la_tarea.html"> 
    <file href="1_descripcin_de_la_tarea.html"/> 
    <dependency identifierref="COMMON_FILES"/>
  </resource>
  <resource identifier="RES-eXeActividad559fb0a9a2380aeda188" type="webcontent" adlcp:scormtype="sco" href="2_informacin_de_inters.html"> 
    <file href="2_informacin_de_inters.html"/> 
    <dependency identifierref="COMMON_FILES"/>
  </resource>
  <resource identifier="RES-eXeActividad559fb0a9a2380aeda18a" type="webcontent" adlcp:scormtype="sco" href="3_evaluacin_de_la_tarea.html"> 
    <file href="3_evaluacin_de_la_tarea.html"/> 
    <dependency identifierref="COMMON_FILES"/>
  </resource>
  <resource identifier="RES-eXeActividad559fb0a9a2380aeda18c" type="webcontent" adlcp:scormtype="sco" href="anexo_licencia_de_recursos.html"> 
    <file href="anexo_licencia_de_recursos.html"/> 
    <file href="common.js"/>
    <dependency identifierref="COMMON_FILES"/>
  </resource>
  <resource identifier="COMMON_FILES" type="webcontent" adlcp:scormtype="asset">
    <file href="active_bg.gif"/>
    <file href="audio.png"/>
    <file href="binario.png"/>
    <file href="bullet.png"/>
    <file href="cc-by-nc-nd.png"/>
    <file href="cc-by-nc-sa.png"/>
    <file href="cc-by-nc.png"/>
    <file href="cc-by-nd.png"/>
    <file href="cc-by-sa.png"/>
    <file href="cc-by.png"/>
    <file href="cc0.png"/>
    <file href="config.xml"/>
    <file href="content.css"/>
    <file href="dibujo.png"/>
    <file href="documento.png"/>
    <file href="glosario.png"/>
    <file href="hcalculo.png"/>
    <file href="html.png"/>
    <file href="icono-menu.png"/>
    <file href="icon_activity.png"/>
    <file href="icon_autoevaluacionfpd.gif"/>
    <file href="icon_casestudy.png"/>
    <file href="icon_casopracticofpd.png"/>
    <file href="icon_citasparapensarfpd.png"/>
    <file href="icon_debesconocerfpd.png"/>
    <file href="icon_ejercicioresueltofpd.png"/>
    <file href="icon_gallery.gif"/>
    <file href="icon_gallery.png"/>
    <file href="icon_objectives.png"/>
    <file href="icon_orientacionesfpd.png"/>
    <file href="icon_parasabermasfpd.png"/>
    <file href="icon_preknowledge.png"/>
    <file href="icon_question.gif"/>
    <file href="icon_reading.png"/>
    <file href="icon_recomendacionfpd.png"/>
    <file href="icon_reflection.png"/>
    <file href="icon_reflexionfpd.png"/>
    <file href="imagen.png"/>
    <file href="lupa.png"/>
    <file href="nav.css"/>
    <file href="nivel1.png"/>
    <file href="nivel2.png"/>
    <file href="nivel3.png"/>
    <file href="nivel4.png"/>
    <file href="nivel5.png"/>
    <file href="nivel6.png"/>
    <file href="panel-amusements.png"/>
    <file href="paquete.png"/>
    <file href="pdf.png"/>
    <file href="popup_bg.gif"/>
    <file href="postit.png"/>
    <file href="presentacion.png"/>
    <file href="pre_code_bg.gif"/>
    <file href="stock-stop.png"/>
    <file href="video.png"/>
    <file href="_fpd_js.js"/>
    <file href="base.css"/>
    <file href="popup_bg.gif"/>
    <file href="SCORM_API_wrapper.js"/>
    <file href="SCOFunctions.js"/>
    <file href="exe_jquery.js"/>
  </resource>
</resources>
</manifest>
