<?xml version="1.0" encoding="UTF-8"?>
<personal
    xmlns:xsi='http://www.w3.org/2001/XMLSchema-instance'
    xsi:noNamespaceSchemaLocation='Ejemplo3_LM.xsd'>
    <alumno cod_alumno="11" genero="m">
        <nombre>Pepe</nombre>
        <apellido>López</apellido>
        <apellido>González</apellido>
        <dni>53.214.569-Z</dni>
    </alumno>
    <alumno cod_alumno="12" genero="f">
        <nombre>Ana</nombre>
        <apellido>Santos</apellido>
        <dni>53.214.568-W</dni>
    </alumno>
    <alumno cod_alumno="13" genero="m">
        <nombre>Manuel</nombre>
        <apellido>García</apellido>
        <apellido>Sánchez</apellido>
    </alumno>
</personal>
