<?xml version="1.0" encoding="UTF-8"?>
<!DOCTYPE personal [
    <!ENTITY % texto "(#PCDATA)"><!--sólo funciona en DTD externo, no podemos
                                            incluirlo aquí-->
    
    <!ELEMENT personal (alumno+)>
    <!ELEMENT alumno (nombre, apellido, apellido?, dni?)>
    <!ELEMENT nombre (#PCDATA)>
    <!ELEMENT apellido (#PCDATA)>
    <!ELEMENT dni (#PCDATA)>
    <!ATTLIST alumno cod_alumno CDATA #REQUIRED
                    genero (m|f) "m">
    
]>
<personal>
    <alumno cod_alumno="11" genero="m">
        <nombre>Pepe</nombre>
        <apellido>López</apellido>
        <apellido>González</apellido>
        <dni>53.214.569-Z</dni>
    </alumno>
    <alumno cod_alumno="12" genero="f">
        <nombre>Ana</nombre>
        <apellido>Santos</apellido>
        <dni>53.214.568-W</dni>
    </alumno>
    <alumno cod_alumno="13" genero="m">
        <nombre>Manuel</nombre>
        <apellido>García</apellido>
        <apellido>Sánchez</apellido>
    </alumno>
</personal>
